{"chunk_definitions":[{"row":9,"row_count":1,"visible":true,"expansion_state":0,"options":{"engine":"r","label":"setup","include":false},"document_id":"29336F4E","chunk_id":"csetup_chunk","chunk_label":"setup"},{"row":19,"row_count":1,"visible":true,"expansion_state":0,"options":{"engine":"r","label":"example-Rmisc-CI-1"},"document_id":"29336F4E","chunk_id":"cmhcx32kqbo0q","chunk_label":"unnamed-chunk-1"},{"row":68,"row_count":1,"visible":true,"expansion_state":0,"options":{"engine":"r","label":"example-Rmisc-CI-11"},"document_id":"29336F4E","chunk_id":"cvfzdzwfan1cq","chunk_label":"unnamed-chunk-2"}],"doc_write_time":1668001075,"working_dir":null,"default_chunk_options":{"echo":true}}