"0","  "
"0","ggplot() +"
"0","  geom_boxplot(data = data, "
"0","               aes(x = charges, y = region), fill = ""blue"", alpha=0.5)+"
"0","  coord_flip()+"
"0","   theme_minimal()+"
"0","  ggtitle(""Страховые выплаты компании в зависимости от региона проживания застрахованного лица"") +"
"0","  theme(title = element_text(size = 9))+"
"0","  theme(axis.title = element_text(size = 12))+"
"0","   labs(y = 'Region', x = 'Charges')"
