"0","  ggplot (data =data, aes(x=age, y=charges)) + "
"0","    geom_point(size=0.5)+"
"0","  geom_smooth(method=lm,"
"0","              color=""red"", fullrange = T,"
"0","              fill=""#69b3a2"", "
"0","              se=TRUE) +"
"0"," theme_minimal () +"
"0","  ggtitle(""Размер страховых выплат в зависимости от возраста застрахованного лица"")+"
"0","     theme(title = element_text(size = 8)) +"
"0","  theme(axis.title = element_text(size = 10)) +"
"0","   theme(axis.text = element_text(size = 14)) +"
"0","   labs(y = 'Charges', x = 'Age ')"
