"0","  data$kids <- NA"
"0"," data$kids <- case_when(data$children == 0 ~ ""no kids"","
"0","      data$children >= 1 ~ ""kids"")"
"0"," "
"0","  ggplot() +"
"0","  geom_boxplot(data = data, "
"0","               aes(x = kids, y = charges, fill = kids)) +"
"0","    theme_minimal()+"
"0","    theme(title = element_text(size = 10))+"
"0","    theme(axis.title = element_text(size = 10))+"
"0","    labs(y = 'Страховые выплаты', x = 'Наличие детей у застрахованного лица')"
