{"chunk_definitions":[{"row":9,"row_count":1,"visible":true,"expansion_state":0,"options":{"engine":"r","label":"setup","include":false},"document_id":"2362FD14","chunk_id":"csetup_chunk","chunk_label":"setup"},{"row":18,"row_count":1,"visible":true,"expansion_state":1,"options":{"engine":"r","label":"unnamed-chunk-2"},"document_id":"2362FD14","chunk_id":"cv1ymeg8f6fy5","chunk_label":"unnamed-chunk-1"},{"row":47,"row_count":1,"visible":true,"expansion_state":0,"options":{"engine":"r","label":"unnamed-chunk-32"},"document_id":"2362FD14","chunk_id":"cat3wkyi9v1p9","chunk_label":"unnamed-chunk-2"},{"row":67,"row_count":1,"visible":true,"expansion_state":1,"options":{"engine":"r","label":"unnamed-chunk-5"},"document_id":"2362FD14","chunk_id":"ckl2bgqhdwb15","chunk_label":"unnamed-chunk-3"},{"row":81,"row_count":1,"visible":true,"expansion_state":1,"options":{"engine":"r","label":"unnamed-chunk-14"},"document_id":"2362FD14","chunk_id":"cbhera453bxp7","chunk_label":"unnamed-chunk-4"}],"doc_write_time":1668095216,"working_dir":null,"default_chunk_options":{"echo":true}}