{"chunk_definitions":[{"row":9,"row_count":1,"visible":true,"expansion_state":0,"options":{"engine":"r","label":"setup","include":false},"document_id":"29336F4E","chunk_id":"csetup_chunk","chunk_label":"setup"},{"row":18,"row_count":1,"visible":true,"expansion_state":0,"options":{"engine":"r","label":"unnamed-chunk-1"},"document_id":"29336F4E","chunk_id":"cmhcx32kqbo0q","chunk_label":"unnamed-chunk-1"},{"row":47,"row_count":1,"visible":true,"expansion_state":1,"options":{"engine":"r","label":"unnamed-chunk-11"},"document_id":"29336F4E","chunk_id":"cvchfvn9ko5o8","chunk_label":"unnamed-chunk-2"},{"row":56,"row_count":1,"visible":true,"expansion_state":1,"options":{"engine":"r","label":"unnamed-chunk-19"},"document_id":"29336F4E","chunk_id":"csk1vlcy8v2fz","chunk_label":"unnamed-chunk-3"},{"row":89,"row_count":1,"visible":true,"expansion_state":1,"options":{"engine":"r","label":"unnamed-chunk-47"},"document_id":"29336F4E","chunk_id":"cyxp6rjuyiaic","chunk_label":"unnamed-chunk-4"},{"row":107,"row_count":1,"visible":true,"expansion_state":0,"options":{"engine":"r","label":"unnamed-chunk-55"},"document_id":"2362FD14","chunk_id":"cqejbq1ju3ysp","chunk_label":"unnamed-chunk-5"}],"doc_write_time":1668090905}