{"chunk_definitions":[{"row":14,"row_count":1,"visible":true,"expansion_state":0,"options":{"engine":"r","label":"setup","include":false},"document_id":"F0336A35","chunk_id":"csetup_chunk","chunk_label":"setup"},{"row":25,"row_count":1,"visible":true,"expansion_state":0,"options":{"engine":"r","message":true,"warning":true,"label":"unnamed-chunk-143"},"document_id":"F0336A35","chunk_id":"cw64061itilmw","chunk_label":"unnamed-chunk-1"},{"row":36,"row_count":1,"visible":true,"expansion_state":0,"options":{"engine":"r","message":false,"label":"unnamed-chunk-144"},"document_id":"F0336A35","chunk_id":"cb8wa4k2d2e0l","chunk_label":"unnamed-chunk-2"},{"row":66,"row_count":1,"visible":true,"expansion_state":0,"options":{"engine":"r","label":"unnamed-chunk-145"},"document_id":"F0336A35","chunk_id":"ci1b1agh4diqz","chunk_label":"unnamed-chunk-3"},{"row":100,"row_count":1,"visible":true,"expansion_state":0,"options":{"engine":"r","label":"unnamed-chunk-146"},"document_id":"F0336A35","chunk_id":"cuefp8iyc8a2c","chunk_label":"unnamed-chunk-4"},{"row":159,"row_count":1,"visible":true,"expansion_state":0,"options":{"engine":"r","label":"unnamed-chunk-147"},"document_id":"F0336A35","chunk_id":"c2mhpd7orodht","chunk_label":"unnamed-chunk-5"},{"row":177,"row_count":1,"visible":true,"expansion_state":0,"options":{"engine":"r","label":"unnamed-chunk-148"},"document_id":"F0336A35","chunk_id":"cjsbkwqa2dcaz","chunk_label":"unnamed-chunk-6"},{"row":191,"row_count":1,"visible":true,"expansion_state":1,"options":{"engine":"r","label":"unnamed-chunk-66"},"document_id":"F0336A35","chunk_id":"c9r039dara14l","chunk_label":"unnamed-chunk-7"},{"row":207,"row_count":1,"visible":true,"expansion_state":1,"options":{"engine":"r","label":"unnamed-chunk-87"},"document_id":"F0336A35","chunk_id":"cwuwzvyt20zbr","chunk_label":"unnamed-chunk-8"},{"row":224,"row_count":1,"visible":true,"expansion_state":1,"options":{"engine":"r","label":"unnamed-chunk-92"},"document_id":"F0336A35","chunk_id":"cj8nraewyw9uc","chunk_label":"unnamed-chunk-9"},{"row":263,"row_count":1,"visible":true,"expansion_state":0,"options":{"engine":"r","label":"unnamed-chunk-96"},"document_id":"F0336A35","chunk_id":"cwkf4xrifljd3","chunk_label":"unnamed-chunk-10"},{"row":280,"row_count":1,"visible":true,"expansion_state":0,"options":{"engine":"r","label":"unnamed-chunk-151"},"document_id":"F0336A35","chunk_id":"chtrm7q5q7717","chunk_label":"unnamed-chunk-11"},{"row":294,"row_count":1,"visible":true,"expansion_state":0,"options":{"engine":"r","label":"unnamed-chunk-157"},"document_id":"F0336A35","chunk_id":"c1tu8jk79m74n","chunk_label":"unnamed-chunk-12"}],"doc_write_time":1666361383,"working_dir":null,"default_chunk_options":{"echo":true},"chunk_rendered_width":630}