"0",""
"0","data %>%"
"0","  ggplot (aes(x=bmi, y=charges)) + "
"0","    geom_point(size=0.5)+"
"0","  geom_smooth(method=lm,"
"0","              fullrange = T,"
"0","              fill=""#69b3a2"", "
"0","              se=TRUE) +"
"0"," theme_minimal () +"
"0","  ggtitle(""Линия тренда страховых выплат в зависимости от индекса BMI застрахованного лица"")+"
"0","     theme(title = element_text(size = 8)) +"
"0","  theme(axis.title = element_text(size = 10)) +"
"0","   theme(axis.text = element_text(size = 10)) +"
"0","   labs(y = 'Charges', x = 'BMI ')"
