"0",""
"0","charges_mean <- round(mean(data$charges),1)"
"0","charges_median <- round(median(data$charges),1)"
"0",""
"0","ggplot() +"
"0","  geom_density(data = data, "
"0","       aes(x = charges)) +"
"0","      ggtitle(""Распределение страховых выплат"") +"
"0","  theme(title = element_text(size = 14))+"
"0","    theme(axis.title = element_text(size = 12))+"
"0","   labs(y = 'Распределение значений', x = 'Размер страховых выплат')+"
"0","  geom_vline (aes(xintercept = charges_mean), colour=""blue"")+"
"0","    annotate(""text"", "
"0","           x= charges_mean+6000, "
"0","           y=0.000060,"
"0","           colour=""blue"","
"0","            size=3,"
"0","           label=paste0(""Mean="", charges_mean))+"
"0","  geom_vline (aes(xintercept = charges_median), colour=""red"")+"
"0","   annotate(""text"", "
"0","           x= charges_median-5000, "
"0","           y=0.000030,"
"0","           colour=""red"","
"0","           size=3,"
"0","           label=paste0(""Median="", charges_median))+"
"0","theme_minimal()"
