"0","# проведем дисперсионный анализ для того, чтобы выяснить наличие связи между ростом футболиста и его позицией на поле"
"0",""
"0","model <- aov( Height ~ Position, data = soccer_wrk)"
"0","summary(model)"
"1","           "
"1","  Df"
"1"," Sum Sq"
"1"," Mean Sq"
"1"," F value"
"1","   Pr(>F)"
"1","    "
"1","
Position   "
"1","   3"
"1","   1345"
"1","   448.3"
"1","   12.88"
"1"," 1.64e-07"
"1"," ***"
"1","
Residuals  "
"1"," 146"
"1","   5082"
"1","    34.8"
"1","        "
"1","         "
"1","    "
"1","
"
"1","---
Signif. codes:  "
"1",""
"1","0 ‘***’ 0.001 ‘**’ 0.01 ‘*’ 0.05 ‘.’ 0.1 ‘ ’ 1"
"1","
"
"0","#p-значение меньше, чем α = 0,05, отвергаем нулевую гипотезу о том, что различий нет, 1345 - эта та часть дисперсии, которую объясняет информация о позиции игрока."
