"0","density <- ggplot() +"
"0","  geom_density(data = data, "
"0","       aes(x = charges)) +"
"0","         theme(title = element_text(size = 10))+"
"0","    theme(axis.title = element_text(size = 10))+"
"0","   theme(axis.text = element_text(size = 6))+"
"0","   labs(y = 'Плотность', x = 'Страховые выплаты')+"
"0","  geom_vline (aes(xintercept = charges_mean), colour=""blue"")+"
"0","    annotate(""text"", "
"0","           x= charges_mean+30000, "
"0","           y=0.000060,"
"0","           colour=""blue"","
"0","           size =3,"
"0","           label=paste0(""Mean="", charges_mean))+"
"0","  geom_vline (aes(xintercept = charges_median), colour=""red"")+"
"0","   annotate(""text"", "
"0","           x= charges_median+30000, "
"0","           y=0.000030,"
"0","           colour=""red"","
"0","           size =3,"
"0","           label=paste0(""Median="", charges_median))+"
"0","theme_minimal()"
"0",""
"0","a <- ggplot() +"
"0","  geom_boxplot(data = data, "
"0","               aes(x = charges, y = sex))+"
"0","  coord_flip()+"
"0","  theme_minimal()+"
"0","    theme(title = element_text(size = 10))+"
"0","    theme(axis.title = element_text(size = 10))+"
"0","   labs(y = 'Sex', x = 'Charges')"
"0",""
"0","b<- ggplot() +"
"0","  geom_boxplot(data = data, "
"0","               aes(x = charges, y = smoker), color = ""red"")+"
"0","  coord_flip()+"
"0","  theme_minimal()+"
"0","     theme(title = element_text(size = 10))+"
"0","  theme(axis.title = element_text(size = 10))+"
"0","   labs(y = 'Smoker', x = 'Charges')"
"0","  "
"0","c<- ggplot() +"
"0","  geom_boxplot(data = data, "
"0","               aes(x = charges, y = region), fill = ""blue"", alpha=0.5)+"
"0","  coord_flip()+"
"0","   theme_minimal()+"
"0","    theme(title = element_text(size = 10))+"
"0","  theme(axis.title = element_text(size = 10))+"
"0","  theme(axis.text = element_text(size = 7))+"
"0","   labs(y = 'Region', x = 'Charges')"
"0","  "
"0","combine_plot <- ggarrange(density, NA, NA, a, b, c, ncol = 3, nrow =2, widths = c(2, 1, 2))"
"2","Предупреждение: Cannot convert object of class logical into a grob."
"2","Предупреждение: Cannot convert object of class logical into a grob."
"0","annotate_figure(combine_plot, top = text_grob(""Распределение страховых выплат"", size=14))"
