"0","ggplot() +"
"0","  geom_boxplot(data = pima, "
"0","               aes(x = glucose, y = diabetes_ch)) +"
"0","  theme_minimal() +"
"0","  ggtitle('Распределение уровня глюкозы относительно болеющих и не болеющих диабетом') + "
"0","  labs(y = 'Диабет-статус', x = 'Уровень глюкозы') +"
"0","  theme( # Ниже идут настройки тем (их огромное количество, но мы меняем лишь две)"
"0","    title = element_text(size = 12), # Задаем стандартный размер текста для любого элемента графика"
"0","    axis.title.y = element_text(size=14) # Задаём размер для названия оси y отдельно + "
"0","    ) +"
"0","  coord_flip() # Переворачиваем оси"
"2","Error in FUN(X[[i]], ...) : object 'diabetes_ch' not found
"
