{"working_dir":null,"default_chunk_options":{"echo":true},"chunk_definitions":[{"row":21,"row_count":1,"visible":true,"expansion_state":0,"options":{"engine":"r","label":"setup","include":false},"document_id":"61920CC9","chunk_id":"csetup_chunk","chunk_label":"setup"},{"row":49,"row_count":1,"visible":true,"expansion_state":0,"options":{"engine":"r","label":"unnamed-chunk-33"},"document_id":"61920CC9","chunk_id":"cl4eaud0hegmf","chunk_label":"unnamed-chunk-1"},{"row":160,"row_count":1,"visible":true,"expansion_state":0,"options":{"engine":"r","label":"unnamed-chunk-23"},"document_id":"61920CC9","chunk_id":"cgvs62au0hbvz","chunk_label":"unnamed-chunk-7"},{"row":311,"row_count":1,"visible":true,"expansion_state":0,"options":{"engine":"r","label":"unnamed-chunk-42"},"document_id":"61920CC9","chunk_id":"citfyt9h3pb5e","chunk_label":"unnamed-chunk-17"},{"row":354,"row_count":1,"visible":true,"expansion_state":0,"options":{"engine":"r","label":"unnamed-chunk-45"},"document_id":"61920CC9","chunk_id":"czu61f827pnms","chunk_label":"unnamed-chunk-21"},{"row":364,"row_count":1,"visible":true,"expansion_state":0,"options":{"engine":"r","label":"unnamed-chunk-46"},"document_id":"61920CC9","chunk_id":"cirjiyytizq0n","chunk_label":"unnamed-chunk-22"},{"row":377,"row_count":1,"visible":true,"expansion_state":1,"options":{"engine":"r","label":"unnamed-chunk-43"},"document_id":"61920CC9","chunk_id":"c2n7jq2kphx18","chunk_label":"unnamed-chunk-23"},{"row":392,"row_count":1,"visible":true,"expansion_state":1,"options":{"engine":"r","label":"unnamed-chunk-44"},"document_id":"61920CC9","chunk_id":"cdy8totthnzd7","chunk_label":"unnamed-chunk-24"},{"row":422,"row_count":1,"visible":true,"expansion_state":0,"options":{"engine":"r","label":"unnamed-chunk-47"},"document_id":"61920CC9","chunk_id":"cd8sgcidv7fxf","chunk_label":"unnamed-chunk-25"},{"row":428,"row_count":1,"visible":true,"expansion_state":1,"options":{"engine":"r","label":"unnamed-chunk-52"},"document_id":"61920CC9","chunk_id":"cwomii08zcdgv","chunk_label":"unnamed-chunk-26"},{"row":436,"row_count":1,"visible":true,"expansion_state":0,"options":{"engine":"r","label":"unnamed-chunk-53"},"document_id":"61920CC9","chunk_id":"c6wlcy8p7a7mb","chunk_label":"unnamed-chunk-27"},{"row":704,"row_count":1,"visible":true,"expansion_state":0,"options":{"engine":"r","label":"unnamed-chunk-74"},"document_id":"61920CC9","chunk_id":"c0rplegzuk127","chunk_label":"unnamed-chunk-40"},{"row":814,"row_count":1,"visible":true,"expansion_state":0,"options":{"engine":"r","label":"unnamed-chunk-88"},"document_id":"61920CC9","chunk_id":"cviaw5bt84dqa","chunk_label":"unnamed-chunk-46"},{"row":820,"row_count":1,"visible":true,"expansion_state":0,"options":{"engine":"r","label":"unnamed-chunk-89"},"document_id":"61920CC9","chunk_id":"cq2tb68dxx028","chunk_label":"unnamed-chunk-47"},{"row":828,"row_count":1,"visible":true,"expansion_state":0,"options":{"engine":"r","label":"unnamed-chunk-90"},"document_id":"61920CC9","chunk_id":"c8tvqv0qr900x","chunk_label":"unnamed-chunk-48"},{"row":840,"row_count":1,"visible":true,"expansion_state":0,"options":{"engine":"r","label":"unnamed-chunk-91"},"document_id":"61920CC9","chunk_id":"cn6i3l9zqpbqr","chunk_label":"unnamed-chunk-49"},{"row":868,"row_count":1,"visible":true,"expansion_state":0,"options":{"engine":"r","label":"unnamed-chunk-101"},"document_id":"61920CC9","chunk_id":"cko7ezmcqdcdp","chunk_label":"unnamed-chunk-50"},{"row":905,"row_count":1,"visible":true,"expansion_state":0,"options":{"engine":"r","label":"unnamed-chunk-87"},"document_id":"61920CC9","chunk_id":"c00im318ihe56","chunk_label":"unnamed-chunk-53"}],"doc_write_time":1666433456,"chunk_rendered_width":572}