{"chunk_definitions":[{"row":14,"row_count":1,"visible":true,"expansion_state":0,"options":{"engine":"r","label":"setup","include":false},"document_id":"F0336A35","chunk_id":"csetup_chunk","chunk_label":"setup"},{"row":25,"row_count":1,"visible":true,"expansion_state":0,"options":{"engine":"r","message":true,"warning":true,"label":"unnamed-chunk-1"},"document_id":"F0336A35","chunk_id":"cw64061itilmw","chunk_label":"unnamed-chunk-1"},{"row":36,"row_count":1,"visible":true,"expansion_state":0,"options":{"engine":"r","message":false,"label":"unnamed-chunk-2"},"document_id":"F0336A35","chunk_id":"cb8wa4k2d2e0l","chunk_label":"unnamed-chunk-2"},{"row":66,"row_count":1,"visible":true,"expansion_state":0,"options":{"engine":"r","label":"unnamed-chunk-9"},"document_id":"F0336A35","chunk_id":"ci1b1agh4diqz","chunk_label":"unnamed-chunk-3"},{"row":100,"row_count":1,"visible":true,"expansion_state":0,"options":{"engine":"r","label":"unnamed-chunk-10"},"document_id":"F0336A35","chunk_id":"cuefp8iyc8a2c","chunk_label":"unnamed-chunk-4"},{"row":159,"row_count":1,"visible":true,"expansion_state":0,"options":{"engine":"r","label":"unnamed-chunk-11"},"document_id":"F0336A35","chunk_id":"c2mhpd7orodht","chunk_label":"unnamed-chunk-5"},{"row":170,"row_count":1,"visible":true,"expansion_state":0,"options":{"engine":"r","label":"unnamed-chunk-18"},"document_id":"F0336A35","chunk_id":"cj1u1tu20wa3o","chunk_label":"unnamed-chunk-6"},{"row":184,"row_count":1,"visible":true,"expansion_state":0,"options":{"engine":"r","label":"unnamed-chunk-19"},"document_id":"F0336A35","chunk_id":"c9r039dara14l","chunk_label":"unnamed-chunk-7"},{"row":200,"row_count":1,"visible":true,"expansion_state":0,"options":{"engine":"r","label":"unnamed-chunk-20"},"document_id":"F0336A35","chunk_id":"cwuwzvyt20zbr","chunk_label":"unnamed-chunk-8"},{"row":217,"row_count":1,"visible":true,"expansion_state":0,"options":{"engine":"r","label":"unnamed-chunk-21"},"document_id":"F0336A35","chunk_id":"cj8nraewyw9uc","chunk_label":"unnamed-chunk-9"},{"row":256,"row_count":1,"visible":true,"expansion_state":0,"options":{"engine":"r","label":"unnamed-chunk-22"},"document_id":"F0336A35","chunk_id":"cwkf4xrifljd3","chunk_label":"unnamed-chunk-10"},{"row":273,"row_count":1,"visible":true,"expansion_state":0,"options":{"engine":"r","label":"unnamed-chunk-23"},"document_id":"F0336A35","chunk_id":"chtrm7q5q7717","chunk_label":"unnamed-chunk-11"},{"row":287,"row_count":1,"visible":true,"expansion_state":0,"options":{"engine":"r","label":"unnamed-chunk-24"},"document_id":"F0336A35","chunk_id":"c1tu8jk79m74n","chunk_label":"unnamed-chunk-12"}],"doc_write_time":1666377813}