"0","plot <- ggplot (data=data, aes(x=bmi, y=charges,color = smoker)) + "
"0","    geom_point(size=0.5)+"
"0"," theme_minimal () +"
"0","  ggtitle(""Отношение bmi и затрат на страховку  в зависимости от статуса курения застрахованного лица"")+"
"0","     theme(title = element_text(size = 9)) +"
"0","  theme(axis.title = element_text(size = 10)) +"
"0","   theme(axis.text.x = element_text(size = 14)) +"
"0","   labs(y = 'Charges', x = 'BMI ')"
"0",""
"0","ggplotly (plot)"
