{"chunk_definitions":[{"row":9,"row_count":1,"visible":true,"expansion_state":0,"options":{"engine":"r","label":"setup","include":false},"document_id":"2BFCA58A","chunk_id":"csetup_chunk","chunk_label":"setup"},{"row":15,"row_count":1,"visible":true,"expansion_state":1,"options":{"engine":"r","label":"unnamed-chunk-11"},"document_id":"2BFCA58A","chunk_id":"chmilwcqt2kz3","chunk_label":"unnamed-chunk-1"},{"row":36,"row_count":1,"visible":true,"expansion_state":0,"options":{"engine":"r","label":"unnamed-chunk-48"},"document_id":"2BFCA58A","chunk_id":"cnbpdscmn3x7t","chunk_label":"unnamed-chunk-2"}],"doc_write_time":1669019853}