"0","  ggplot (data=data, aes(x=age, y=charges, color = smoker, fill=smoker, group = smoker)) + "
"0","    geom_point(size=0.5)+"
"0","    geom_smooth(method=lm,"
"0","              fullrange = T,"
"0","              se=TRUE)+"
"0","  ggtitle(""Размер страховых выплат в зависимости от возраста и статуса курения застрахованного лица"")+"
"0","  theme(title = element_text(size = 9)) +"
"0","  theme(title = element_text (size = 6)) +"
"0","   labs(y = 'Charges', x = 'Age ')+"
"0","   theme(axis.title = element_text(size = 6)) +"
"0","   theme(axis.text = element_text(size = 6))+"
"0","   theme_minimal ()"
