{"chunk_definitions":[{"row":9,"row_count":1,"visible":true,"expansion_state":0,"options":{"engine":"r","label":"setup","include":false},"document_id":"9C2E29D0","chunk_id":"csetup_chunk","chunk_label":"setup"},{"row":21,"row_count":1,"visible":true,"expansion_state":0,"options":{"engine":"r","label":"unnamed-chunk-3"},"document_id":"9C2E29D0","chunk_id":"czjbrh8cj5mtc","chunk_label":"unnamed-chunk-1"},{"row":40,"row_count":1,"visible":true,"expansion_state":1,"options":{"engine":"r","label":"unnamed-chunk-4"},"document_id":"9C2E29D0","chunk_id":"c8rdlzn04fkya","chunk_label":"unnamed-chunk-2"},{"row":49,"row_count":1,"visible":true,"expansion_state":1,"options":{"engine":"r","label":"unnamed-chunk-5"},"document_id":"9C2E29D0","chunk_id":"ckt2g0tfekhgg","chunk_label":"unnamed-chunk-3"},{"row":56,"row_count":1,"visible":true,"expansion_state":1,"options":{"engine":"r","label":"unnamed-chunk-6"},"document_id":"9C2E29D0","chunk_id":"ckj3a7p0shyrg","chunk_label":"unnamed-chunk-4"},{"row":78,"row_count":1,"visible":true,"expansion_state":1,"options":{"engine":"r","label":"unnamed-chunk-9"},"document_id":"9C2E29D0","chunk_id":"czqjy2eq9ceib","chunk_label":"unnamed-chunk-5"},{"row":100,"row_count":1,"visible":true,"expansion_state":1,"options":{"engine":"r","label":"unnamed-chunk-10"},"document_id":"9C2E29D0","chunk_id":"c1sv1uobxwx44","chunk_label":"unnamed-chunk-6"}],"doc_write_time":1669280167}