{"chunk_definitions":[{"row":9,"row_count":1,"visible":true,"expansion_state":0,"options":{"engine":"r","label":"setup","include":false},"document_id":"E62ADBCE","chunk_id":"csetup_chunk","chunk_label":"setup"},{"row":19,"row_count":1,"visible":true,"expansion_state":1,"options":{"engine":"r","label":"unnamed-chunk-6"},"document_id":"E62ADBCE","chunk_id":"cy2e12mpz72vt","chunk_label":"unnamed-chunk-1"},{"row":48,"row_count":1,"visible":true,"expansion_state":1,"options":{"engine":"r","label":"unnamed-chunk-2"},"document_id":"E62ADBCE","chunk_id":"cl5k7x1jehsjc","chunk_label":"unnamed-chunk-2"},{"row":70,"row_count":1,"visible":true,"expansion_state":1,"options":{"engine":"r","label":"unnamed-chunk-11"},"document_id":"E62ADBCE","chunk_id":"cps4i2919xj04","chunk_label":"unnamed-chunk-3"},{"row":87,"row_count":1,"visible":true,"expansion_state":1,"options":{"engine":"r","label":"unnamed-chunk-13"},"document_id":"E62ADBCE","chunk_id":"clvesp7zoj8jz","chunk_label":"unnamed-chunk-4"}],"doc_write_time":1668111300,"working_dir":null,"default_chunk_options":{"echo":true}}