{"chunk_definitions":[{"row":10,"row_count":1,"visible":true,"expansion_state":0,"options":{"engine":"r","label":"setup","include":false},"document_id":"CCC203A5","chunk_id":"csetup_chunk","chunk_label":"setup"},{"row":35,"row_count":1,"visible":true,"expansion_state":1,"options":{"engine":"r","label":"unnamed-chunk-1"},"document_id":"17198CF9","chunk_id":"cnyx8xdvx05pn","chunk_label":"unnamed-chunk-1"},{"row":45,"row_count":1,"visible":true,"expansion_state":1,"options":{"engine":"r","label":"unnamed-chunk-40"},"document_id":"CCC203A5","chunk_id":"c1d1y6otltv3v","chunk_label":"unnamed-chunk-2"},{"row":61,"row_count":1,"visible":true,"expansion_state":1,"options":{"engine":"r","label":"unnamed-chunk-41"},"document_id":"17198CF9","chunk_id":"cph78vbsr6ah0","chunk_label":"unnamed-chunk-3"},{"row":75,"row_count":1,"visible":true,"expansion_state":1,"options":{"engine":"r","label":"unnamed-chunk-42"},"document_id":"17198CF9","chunk_id":"ctfca5occegm7","chunk_label":"unnamed-chunk-4"},{"row":87,"row_count":1,"visible":true,"expansion_state":1,"options":{"engine":"r","label":"unnamed-chunk-43"},"document_id":"17198CF9","chunk_id":"cgx76j0xkguwa","chunk_label":"unnamed-chunk-5"},{"row":97,"row_count":1,"visible":true,"expansion_state":1,"options":{"engine":"r","label":"unnamed-chunk-44"},"document_id":"17198CF9","chunk_id":"cbym28ccsp0lx","chunk_label":"unnamed-chunk-6"},{"row":110,"row_count":1,"visible":true,"expansion_state":1,"options":{"engine":"r","label":"unnamed-chunk-45"},"document_id":"17198CF9","chunk_id":"cjkokmw88e08o","chunk_label":"unnamed-chunk-7"},{"row":115,"row_count":1,"visible":true,"expansion_state":1,"options":{"engine":"r","label":"unnamed-chunk-46"},"document_id":"17198CF9","chunk_id":"coaerqkg5bwuf","chunk_label":"unnamed-chunk-8"},{"row":146,"row_count":1,"visible":true,"expansion_state":1,"options":{"engine":"r","label":"unnamed-chunk-55"},"document_id":"17198CF9","chunk_id":"c2eznpg4f9too","chunk_label":"unnamed-chunk-9"},{"row":166,"row_count":1,"visible":true,"expansion_state":1,"options":{"engine":"r","label":"unnamed-chunk-54"},"document_id":"17198CF9","chunk_id":"cutaf5e4mfg69","chunk_label":"unnamed-chunk-10"},{"row":199,"row_count":1,"visible":true,"expansion_state":1,"options":{"engine":"r","label":"unnamed-chunk-57"},"document_id":"21894F14","chunk_id":"cnzgkrdp79xwo","chunk_label":"unnamed-chunk-11"}],"doc_write_time":1667236048,"chunk_rendered_width":580}