{"chunk_definitions":[{"row":9,"row_count":1,"visible":true,"expansion_state":0,"options":{"engine":"r","label":"setup","include":false},"document_id":"29336F4E","chunk_id":"csetup_chunk","chunk_label":"setup"},{"row":18,"row_count":1,"visible":true,"expansion_state":0,"options":{"engine":"r","label":"example-Rmisc-CI-13"},"document_id":"29336F4E","chunk_id":"cmhcx32kqbo0q","chunk_label":"unnamed-chunk-1"},{"row":34,"row_count":1,"visible":true,"expansion_state":0,"options":{"engine":"r","label":"example-Rmisc-CI-21"},"document_id":"29336F4E","chunk_id":"cvchfvn9ko5o8","chunk_label":"unnamed-chunk-2"},{"row":47,"row_count":1,"visible":true,"expansion_state":1,"options":{"engine":"r","label":"example-Rmisc-CI-19"},"document_id":"29336F4E","chunk_id":"csk1vlcy8v2fz","chunk_label":"unnamed-chunk-3"},{"row":75,"row_count":1,"visible":true,"expansion_state":1,"options":{"engine":"r","label":"example-Rmisc-CI-16"},"document_id":"29336F4E","chunk_id":"cyxp6rjuyiaic","chunk_label":"unnamed-chunk-4"}],"doc_write_time":1668068127}