{"chunk_definitions":[{"row":9,"row_count":1,"visible":true,"expansion_state":0,"options":{"engine":"r","label":"setup","include":false},"document_id":"167077FD","chunk_id":"csetup_chunk","chunk_label":"setup"},{"row":20,"row_count":1,"visible":true,"expansion_state":1,"options":{"engine":"r","label":"unnamed-chunk-65"},"document_id":"167077FD","chunk_id":"c6k7ojlze4uch","chunk_label":"unnamed-chunk-1"},{"row":38,"row_count":1,"visible":true,"expansion_state":1,"options":{"engine":"r","label":"unnamed-chunk-91"},"document_id":"167077FD","chunk_id":"c18nmwn647t5g","chunk_label":"unnamed-chunk-2"},{"row":53,"row_count":1,"visible":true,"expansion_state":1,"options":{"engine":"r","label":"unnamed-chunk-92"},"document_id":"167077FD","chunk_id":"cqhb6mdgss6fs","chunk_label":"unnamed-chunk-3"},{"row":63,"row_count":1,"visible":true,"expansion_state":1,"options":{"engine":"r","label":"unnamed-chunk-93"},"document_id":"167077FD","chunk_id":"cebp8zdcj6709","chunk_label":"unnamed-chunk-4"},{"row":88,"row_count":1,"visible":true,"expansion_state":1,"options":{"engine":"r","label":"unnamed-chunk-94"},"document_id":"167077FD","chunk_id":"c6smws4bp3e07","chunk_label":"unnamed-chunk-5"},{"row":100,"row_count":1,"visible":true,"expansion_state":1,"options":{"engine":"r","label":"unnamed-chunk-95"},"document_id":"167077FD","chunk_id":"c6rgx7zdvfuw4","chunk_label":"unnamed-chunk-6"}],"doc_write_time":1669061787,"working_dir":null,"default_chunk_options":{"echo":true}}