"0","Data_clean <- Data %>% "
"0","mutate(`Базофилы_E1`= ifelse(`Базофилы_E1` < 0, NA, `Базофилы_E1` )) %>% "
"0","mutate(`Эозинофилы_E1`= ifelse(`Эозинофилы_E1` < 0, NA, `Эозинофилы_E1` )) %>%"
"0","mutate(`Гемоглобин_E1`= ifelse(`Гемоглобин_E1` < 0, NA, `Гемоглобин_E1` )) %>%"
"0","mutate(`Эритроциты_E1`= ifelse(`Эритроциты_E1` < 0, NA, `Эритроциты_E1` )) %>%"
"0","mutate(`Базофилы_E2`= ifelse(`Базофилы_E2` < 0, NA, `Базофилы_E2` )) %>%"
"0","mutate(`Эозинофилы_E2`= ifelse(`Эозинофилы_E2` < 0, NA, `Эозинофилы_E2` )) %>%"
"0","mutate(`Гемоглобин_E2`= ifelse(`Гемоглобин_E2` < 0, NA, `Гемоглобин_E2` )) %>%"
"0","mutate(`Эритроциты_E2`= ifelse(`Эритроциты_E2` < 0, NA, `Эритроциты_E2` ))"
"0",""
"0","Data_clean"
