{"working_dir":null,"default_chunk_options":{"echo":true},"chunk_definitions":[{"row":9,"row_count":1,"visible":true,"expansion_state":0,"options":{"engine":"r","label":"setup","include":false},"document_id":"4C9E671F","chunk_id":"csetup_chunk","chunk_label":"setup"},{"row":57,"row_count":1,"visible":true,"expansion_state":0,"options":{"engine":"r","label":"unnamed-chunk-99"},"document_id":"4C9E671F","chunk_id":"cnoflkqm6rlu7","chunk_label":"unnamed-chunk-2"},{"row":65,"row_count":1,"visible":true,"expansion_state":0,"options":{"engine":"r","label":"unnamed-chunk-100"},"document_id":"4C9E671F","chunk_id":"cba5jhr7i6jf8","chunk_label":"unnamed-chunk-3"},{"row":105,"row_count":1,"visible":true,"expansion_state":0,"options":{"engine":"r","label":"unnamed-chunk-117"},"document_id":"4C9E671F","chunk_id":"cq0voqyqc8wmy","chunk_label":"unnamed-chunk-5"},{"row":219,"row_count":1,"visible":true,"expansion_state":0,"options":{"engine":"r","label":"unnamed-chunk-118"},"document_id":"4C9E671F","chunk_id":"cgabh55x1iux2","chunk_label":"unnamed-chunk-12"},{"row":257,"row_count":1,"visible":true,"expansion_state":0,"options":{"engine":"r","label":"unnamed-chunk-119"},"document_id":"4C9E671F","chunk_id":"c374ccb27vwk6","chunk_label":"unnamed-chunk-14"},{"row":270,"row_count":1,"visible":true,"expansion_state":0,"options":{"engine":"r","label":"unnamed-chunk-120"},"document_id":"4C9E671F","chunk_id":"cy4ucwr9cdegt","chunk_label":"unnamed-chunk-15"},{"row":290,"row_count":1,"visible":true,"expansion_state":0,"options":{"engine":"r","label":"unnamed-chunk-121"},"document_id":"4C9E671F","chunk_id":"cdldzqo91t9ky","chunk_label":"unnamed-chunk-16"},{"row":312,"row_count":1,"visible":true,"expansion_state":0,"options":{"engine":"r","label":"unnamed-chunk-116"},"document_id":"4C9E671F","chunk_id":"c1byvf2cuiuxb","chunk_label":"unnamed-chunk-17"},{"row":364,"row_count":1,"visible":true,"expansion_state":0,"options":{"engine":"r","label":"unnamed-chunk-115"},"document_id":"4C9E671F","chunk_id":"cbf0ljgvbyf67","chunk_label":"unnamed-chunk-20"}],"doc_write_time":1665826498,"chunk_rendered_width":630}